1686727387,break-btn
1686727572,straight-btn
1686727613,overhanging-btn
1686727658,lowering-btn
1686727675,break-btn
1686727693,straight-btn
1686727734,overhanging-btn
1686727773,lowering-btn
1686727787,break-btn
1686728336,slab-btn
1686728440,straight-btn
1686728468,lowering-btn
1686728477,break-btn
1686728498,slab-btn
1686728561,straight-btn
1686728570,lowering-btn
1686728584,break-btn
1686728633,slab-btn
1686728724,straight-btn
1686728742,lowering-btn
1686728762,break-btn
1686729348,straight-btn
1686729374,overhanging-btn
1686729405,falling-btn
1686729431,lowering-btn
1686729471,break-btn
1686729524,straight-btn
1686729546,overhanging-btn
1686729638,lowering-btn
1686729673,break-btn
1686730376,straight-btn
1686730452,falling-btn
1686730459,straight-btn
1686730505,lowering-btn
1686730519,break-btn
1686730593,straight-btn
1686730681,lowering-btn
1686730692,break-btn
1686730796,straight-btn
1686730932,lowering-btn
1686730951,break-btn
1686731719,slab-btn
1686731912,straight-btn
1686731934,lowering-btn
1686731953,break-btn
1686732129,straight-btn
1686732218,lowering-btn
1686732230,break-btn